id;Nombre;Correo;Producto_Servicio;Puntuacion;Comentario;Recomienda_Producto;;
5050;Athena Shaw;mauris@icloud.org;Bolsa_EcoClean;4;Muy_bueno_todo;2;;
6187;Ralph Reyes;integer.id@hotmail.com;Bolsa_EcoClean;3;Me_gusto_la_imagen;2;;
4898;Charissa Matthews;integer.mollis.integer@hotmail.edu;Bolsa_EcoClean;4;El_servicio_estuvo_rapido;1;;
5298;Shelly Hardy;venenatis@outlook.org;Fotografia_PhotoRevive;1;Me_gusto_la_imagen;1;;
3439;Martha Hooper;phasellus.dolor@icloud.net;Ponque_Milky;5;Me_gusto_la_imagen;1;;
4191;Thomas Castillo;pretium@outlook.net;Bolsa_EcoClean;5;Me_gusto_la_imagen;1;;
8275;Savannah Mcguire;laoreet@aol.ca;PetTrack;3;Muy_bueno_todo;1;;
4718;Amy Benson;integer.urna@icloud.edu;Bolsa_EcoClean;2;Me_gusto_la_imagen;1;;
9647;Jessamine Whitehead;ultricies@google.com;Galletas_NeoBoost;5;El_servicio_se_demoro;2;;
8397;Savannah Henderson;tortor.dictum.eu@protonmail.com;Galletas_NeoBoost;4;El_servicio_se_demoro;2;;
1019;Laurel Sutton;ac.eleifend.vitae@yahoo.net;PetTrack;1;Me_gusto_la_imagen;2;;
6872;Rhiannon Coffey;non.cursus.non@protonmail.org;Fotografia_PhotoRevive;4;Muy_bueno_todo;1;;
3020;Lunea Hendrix;adipiscing@protonmail.edu;Galletas_NeoBoost;3;El_servicio_estuvo_rapido;1;;
2879;Craig Anthony;orci.lobortis@protonmail.ca;PetTrack;2;El_servicio_estuvo_rapido;1;;
4150;Emerson Mcguire;consequat.purus@google.org;Fotografia_PhotoRevive;3;Me_gusto_la_imagen;1;;
3258;Amy Kane;vitae.velit@hotmail.org;Bolsa_EcoClean;2;Me_gusto_la_imagen;1;;
7588;Grady Lane;donec.vitae@outlook.edu;Ponque_Milky;3;El_servicio_estuvo_rapido;2;;
3064;Odysseus Leon;ipsum.primis@icloud.ca;Galletas_NeoBoost;2;El_servicio_estuvo_rapido;1;;
7379;Leandra Castaneda;nec.urna.suscipit@aol.ca;Galletas_NeoBoost;2;Muy_bueno_todo;1;;
7576;Geraldine Bauer;cursus.purus.nullam@outlook.com;PetTrack;3;El_servicio_estuvo_rapido;1;;
1424;Rowan King;tristique.neque@yahoo.couk;PetTrack;3;El_servicio_se_demoro;2;;
381;Alika Lynch;turpis@protonmail.net;PetTrack;2;El_servicio_estuvo_rapido;1;;
2795;Xavier Patterson;parturient.montes@icloud.net;PetTrack;1;El_servicio_se_demoro;1;;
1299;Erin Hurst;elit.erat@yahoo.org;Fotografia_PhotoRevive;1;El_servicio_estuvo_rapido;2;;
3577;Gemma Carney;mollis.non.cursus@protonmail.net;PetTrack;3;El_servicio_estuvo_rapido;1;;
6475;Wanda Irwin;pede.sagittis@google.org;PetTrack;5;El_servicio_estuvo_rapido;1;;
1804;Conan Maddox;tempor@hotmail.edu;Fotografia_PhotoRevive;5;El_servicio_estuvo_rapido;2;;
1680;Adrian Neal;porttitor@outlook.org;Fotografia_PhotoRevive;3;El_servicio_estuvo_rapido;2;;
9506;Lysandra Roberts;tellus.nunc@protonmail.couk;PetTrack;2;El_servicio_se_demoro;1;;
2155;Wayne Castillo;convallis.convallis@icloud.com;Fotografia_PhotoRevive;5;Me_gusto_la_imagen;2;;
8972;Hillary Gaines;elit@aol.com;Galletas_NeoBoost;4;La_imagen_me_agrado;2;;
1610;Bradley Dudley;blandit.enim@outlook.com;Galletas_NeoBoost;4;El_servicio_estuvo_rapido;1;;
526;Carter Leon;in@protonmail.edu;Bolsa_EcoClean;3;Me_gusto_la_imagen;2;;
834;Cullen Rose;eget@icloud.ca;PetTrack;4;La_imagen_me_agrado;1;;
3874;Graiden Heath;nec.cursus.a@icloud.com;Bolsa_EcoClean;3;El_servicio_se_demoro;1;;
3217;Lucy Wynn;et.netus@google.net;Bolsa_EcoClean;3;El_servicio_se_demoro;2;;
329;Aquila Riddle;dictum.mi.ac@hotmail.ca;PetTrack;2;El_servicio_estuvo_rapido;1;;
6520;Angelica Atkinson;dictum.magna.ut@aol.net;Fotografia_PhotoRevive;1;La_imagen_me_agrado;2;;
2369;Joshua Haynes;ut@yahoo.ca;Ponque_Milky;3;El_servicio_estuvo_rapido;1;;
2674;Solomon Manning;velit@icloud.net;Bolsa_EcoClean;3;Me_gusto_la_imagen;1;;
8785;Wesley Mcmahon;elementum.sem@aol.com;Fotografia_PhotoRevive;3;La_imagen_me_agrado;1;;
8097;Camilla White;eleifend@outlook.com;Galletas_NeoBoost;3;El_servicio_estuvo_rapido;1;;
8227;Ursa Haney;sed.congue@hotmail.ca;Fotografia_PhotoRevive;2;El_servicio_se_demoro;2;;
1524;Luke Burgess;integer.urna.vivamus@outlook.edu;Fotografia_PhotoRevive;3;El_servicio_estuvo_rapido;1;;
9633;Kelly Massey;vitae.sodales@outlook.com;Galletas_NeoBoost;3;Muy_bueno_todo;1;;
1876;Gisela Myers;facilisis.suspendisse@aol.com;Galletas_NeoBoost;5;Me_gusto_la_imagen;1;;
1128;Rahim Burton;posuere.cubilia@icloud.net;PetTrack;3;El_servicio_se_demoro;2;;
9893;Shad Kennedy;penatibus.et@hotmail.net;Bolsa_EcoClean;4;La_imagen_me_agrado;2;;
8086;Scott Cameron;ac.arcu@google.couk;Fotografia_PhotoRevive;1;Muy_bueno_todo;1;;
537;Wade Hale;eu.tellus.phasellus@aol.net;Bolsa_EcoClean;2;Muy_bueno_todo;2;;
8243;Quamar Lowery;ornare.sagittis@protonmail.edu;Galletas_NeoBoost;2;El_servicio_se_demoro;1;;
8501;Justin Rosario;morbi.sit.amet@yahoo.org;Fotografia_PhotoRevive;4;El_servicio_se_demoro;1;;
5380;Duncan Stafford;et@hotmail.couk;Bolsa_EcoClean;4;Muy_bueno_todo;1;;
2456;Madeline Fitzpatrick;gravida@protonmail.ca;PetTrack;3;Me_gusto_la_imagen;1;;
8417;Dolan Hayes;enim.commodo.hendrerit@outlook.couk;Fotografia_PhotoRevive;3;El_servicio_estuvo_rapido;2;;
5991;Isabelle Beard;mauris@aol.edu;Ponque_Milky;3;El_servicio_estuvo_rapido;2;;
9739;Carly Hahn;curabitur.dictum.phasellus@icloud.ca;Ponque_Milky;4;El_servicio_se_demoro;1;;
5940;Xyla Sharp;donec.est@icloud.com;Fotografia_PhotoRevive;1;Me_gusto_la_imagen;2;;
7697;Herrod Cohen;sem@protonmail.net;Galletas_NeoBoost;4;El_servicio_se_demoro;1;;
5267;Shelly Maynard;sapien.gravida@aol.edu;PetTrack;1;El_servicio_se_demoro;1;;
3029;Jane Mcintosh;lectus.a@icloud.edu;Bolsa_EcoClean;5;El_servicio_se_demoro;2;;
4510;Tatiana Baxter;sed.consequat@protonmail.com;PetTrack;4;La_imagen_me_agrado;1;;
8661;Hammett Hurley;molestie@hotmail.ca;Fotografia_PhotoRevive;4;La_imagen_me_agrado;1;;
1624;Amal Nolan;mauris.blandit.enim@outlook.edu;PetTrack;2;Me_gusto_la_imagen;1;;
4292;Yvette Hughes;ullamcorper.eu.euismod@google.ca;Fotografia_PhotoRevive;3;Me_gusto_la_imagen;1;;
717;Hanna Bates;augue@yahoo.net;Fotografia_PhotoRevive;2;Muy_bueno_todo;1;;
6081;Caldwell Battle;est.mollis.non@hotmail.net;Fotografia_PhotoRevive;4;El_servicio_estuvo_rapido;2;;
248;Shea Burch;arcu.sed@google.com;Bolsa_EcoClean;1;El_servicio_se_demoro;1;;
3977;Bevis Rivers;facilisis.eget.ipsum@hotmail.ca;Galletas_NeoBoost;2;Muy_bueno_todo;1;;
1112;Melissa Stout;sem.nulla@hotmail.ca;Fotografia_PhotoRevive;3;El_servicio_estuvo_rapido;2;;
